{
  "eye": {
    "orientation": [
      -0.20270459353923798,
      0.17793843150138855,
      -0.9097137451171875,
      0.31570518016815186
    ],
    "magnitude": 0.5773502588272095,
    "position": [
      144.49896240234375,
      -59.58876419067383,
      256.0598449707031
    ]
  },
  "radius": 150,
  "type": "PERSPECTIVE"
}