{
  "eye": {
    "orientation": [
      0.348285049200058,
      0.5071744322776794,
      0.0737391784787178,
      0.7848784923553467
    ],
    "magnitude": 0.5773502588272095,
    "position": [
      254.28187561035156,
      -141.5352783203125,
      72.85917663574219
    ]
  },
  "radius": 150,
  "type": "PERSPECTIVE"
}