{
  "eye": {
    "orientation": [
      0.21914081275463104,
      0.04515727609395981,
      0.002671969123184681,
      -0.9746440649032593
    ],
    "magnitude": 0.5773502588272095,
    "position": [
      -26.18669319152832,
      128.83689880371094,
      269.6563720703125
    ]
  },
  "radius": 150,
  "type": "PERSPECTIVE"
}