{
  "eye": {
    "orientation": [
      0.47622761130332947,
      -0.748913586139679,
      0.3786109983921051,
      0.26265817880630493
    ],
    "magnitude": 0.5773502588272095,
    "position": [
      -9.994190216064453,
      -245.13604736328125,
      -172.65283203125
    ]
  },
  "radius": 150,
  "type": "PERSPECTIVE"
}