{
  "eye": {
    "orientation": [
      -0.3419739902019501,
      -0.09176620095968246,
      -0.21004332602024078,
      0.9113257527351379
    ],
    "magnitude": 0.5773502588272095,
    "position": [
      -7.574745178222656,
      212.5023193359375,
      240.60888671875
    ]
  },
  "radius": 150,
  "type": "PERSPECTIVE"
}